DATE_SCRUTIN;NOM_CIRCONSCRIPTION;CODE_CIRCONSCRIPTION;NOMBRE_ELECTEURS_AU_DECRET;NOMBRE_ELECTEURS_APRES_REVISION_ORDINAIRE;NOMBRE_ELECTEURS_APRES_REVISION_SPECIALE
2026-10-05;Abitibi-Est;689;33421;;
2026-10-05;Abitibi-Ouest;681;35359;;
2026-10-05;Acadie;299;49937;;
2026-10-05;Anjou-Louis-Riel;833;41335;;
2026-10-05;Argenteuil;589;42989;;
2026-10-05;Arthabaska-L'Érable;147;61868;;
2026-10-05;Beauce-Nord;781;46549;;
2026-10-05;Beauce-Sud;777;50761;;
2026-10-05;Beauharnois;179;59767;;
2026-10-05;Bellechasse;797;46149;;
2026-10-05;Bellefeuille;591;45279;;
2026-10-05;Berthier;627;53939;;
2026-10-05;Bertrand;641;59914;;
2026-10-05;Blainville;607;62280;;
2026-10-05;Bonaventure;837;35864;;
2026-10-05;Borduas;237;58595;;
2026-10-05;Bourassa-Sauvé;327;44066;;
2026-10-05;Brome-Missisquoi;157;57369;;
2026-10-05;Camille-Laurin;337;49084;;
2026-10-05;Chambly;207;54342;;
2026-10-05;Champlain;701;60661;;
2026-10-05;Chapleau;667;58916;;
2026-10-05;Charlesbourg;767;57485;;
2026-10-05;Charlevoix-Côte-de-Beaupré;771;55904;;
2026-10-05;Châteauguay;191;56790;;
2026-10-05;Chauveau;769;59824;;
2026-10-05;Chicoutimi;821;45772;;
2026-10-05;Chomedey;351;56887;;
2026-10-05;Chutes-de-la-Chaudière;789;61947;;
2026-10-05;Côte-du-Sud;799;50522;;
2026-10-05;Daniel-Johnson;131;49410;;
2026-10-05;D'Arcy-McGee;277;56631;;
2026-10-05;Deux-Montagnes;581;50335;;
2026-10-05;Drummond-Bois-Francs;141;53549;;
2026-10-05;Dubuc;819;43080;;
2026-10-05;Duplessis;813;37076;;
2026-10-05;Fabre;357;58413;;
2026-10-05;Gaspé;809;30082;;
2026-10-05;Gatineau;661;61707;;
2026-10-05;Gouin;311;42595;;
2026-10-05;Granby;159;58940;;
2026-10-05;Groulx;577;54140;;
2026-10-05;Hochelaga-Maisonneuve;317;40308;;
2026-10-05;Hull;651;60622;;
2026-10-05;Huntingdon;171;50279;;
2026-10-05;Iberville;161;51324;;
2026-10-05;Îles-de-la-Madeleine;811;11151;;
2026-10-05;Jacques-Cartier;259;48241;;
2026-10-05;Jean-Lesage;757;44159;;
2026-10-05;Jeanne-Mance-Viger;331;49776;;
2026-10-05;Jean-Talon;707;47187;;
2026-10-05;Joliette;629;59280;;
2026-10-05;Jonquière;823;45307;;
2026-10-05;Labelle;649;54333;;
2026-10-05;Lac-Saint-Jean;827;44702;;
2026-10-05;Lafontaine;339;42386;;
2026-10-05;La Peltrie;729;59417;;
2026-10-05;La Pinière;201;58488;;
2026-10-05;La Prairie;199;50658;;
2026-10-05;L'Assomption;621;57087;;
2026-10-05;Laurier-Dorion;307;43970;;
2026-10-05;Laval-des-Rapides;347;56436;;
2026-10-05;Laviolette-Saint-Maurice;697;60780;;
2026-10-05;Les Plaines;601;49764;;
2026-10-05;Lévis;791;53708;;
2026-10-05;Lotbinière-Frontenac;787;59506;;
2026-10-05;Louis-Hébert;709;48098;;
2026-10-05;Marguerite-Bourgeoys;251;53038;;
2026-10-05;Marie-Lacoste-Gérin-Lajoie;139;46305;;
2026-10-05;Marie-Victorin;219;44352;;
2026-10-05;Marquette;257;45400;;
2026-10-05;Maskinongé;693;48211;;
2026-10-05;Masson;611;55226;;
2026-10-05;Matane-Matapédia-Mitis;807;46483;;
2026-10-05;Maurice-Richard;301;45737;;
2026-10-05;Mégantic;117;51853;;
2026-10-05;Mercier;313;44882;;
2026-10-05;Mille-Îles;571;49876;;
2026-10-05;Mirabel;587;55216;;
2026-10-05;Montarville;227;53782;;
2026-10-05;Montmorency;761;58039;;
2026-10-05;Mont-Royal-Outremont;297;58525;;
2026-10-05;Nelligan;261;58035;;
2026-10-05;Nicolet-Bécancour;151;41189;;
2026-10-05;Notre-Dame-de-Grâce;279;47042;;
2026-10-05;Orford;127;47770;;
2026-10-05;Papineau;669;60742;;
2026-10-05;Pierre-Laporte;217;52893;;
2026-10-05;Pointe-aux-Trembles;341;40142;;
2026-10-05;Pontiac;657;56214;;
2026-10-05;Portneuf;727;56043;;
2026-10-05;Prévost;637;53233;;
2026-10-05;René-Lévesque;817;32005;;
2026-10-05;Repentigny;617;56605;;
2026-10-05;Richelieu;241;54120;;
2026-10-05;Richmond;137;59208;;
2026-10-05;Rimouski;803;46434;;
2026-10-05;Rivière-du-Loup–Témiscouata–Les Basques;801;52065;;
2026-10-05;Robert-Baldwin;267;55009;;
2026-10-05;Roberval;829;44555;;
2026-10-05;Rosemont;319;51843;;
2026-10-05;Rousseau;631;49416;;
2026-10-05;Rouyn-Noranda-Témiscamingue;671;44460;;
2026-10-05;Saint-François;119;54903;;
2026-10-05;Saint-Henri-Sainte-Anne;281;59640;;
2026-10-05;Saint-Hyacinthe;239;55577;;
2026-10-05;Saint-Jean;167;61489;;
2026-10-05;Saint-Jérôme;597;45919;;
2026-10-05;Saint-Laurent;271;59278;;
2026-10-05;Sainte-Marie-Saint-Jacques;287;42356;;
2026-10-05;Sainte-Rose;359;58051;;
2026-10-05;Sanguinet;197;45332;;
2026-10-05;Sherbrooke;121;53321;;
2026-10-05;Soulanges;181;58935;;
2026-10-05;Taillon;221;52058;;
2026-10-05;Taschereau;751;47998;;
2026-10-05;Terrebonne;609;55183;;
2026-10-05;Trois-Rivières;691;53912;;
2026-10-05;Ungava;831;30745;;
2026-10-05;Vachon;211;54006;;
2026-10-05;Vanier-Les Rivières;749;59393;;
2026-10-05;Vaudreuil;187;62243;;
2026-10-05;Verchères;231;56374;;
2026-10-05;Verdun;247;49455;;
2026-10-05;Viau;321;39166;;
2026-10-05;Vimont-Auteuil;569;46892;;
2026-10-05;Westmount-Saint-Louis;291;52574;;
